model,dyda_da,dyda_e,maptask,meld_e,meld_s,mrda,oasis,sem
BertGRU,58.12661499,82.89405685,0,51.78,47.89272031,58.3,0,18
BertMLP2Layers,49.2377261,81.66666667,0,50.04597701,49.7494636,57.29799612,0,17.5
BertMLP1Layer,48.64341085,81.66666667,0,48.04597701,48.00766284,56.29799612,0,17.99544419
